Model,Accuracy,Precision_macro,Recall_macro,F1_macro
LogisticRegression,0.9845537757437071,0.9855491872641018,0.9836003051106026,0.9845297886189899
SVM-RBF,0.9788329519450801,0.9784483499502157,0.9794050343249427,0.9788474718837913
DecisionTree,1.0,1.0,1.0,1.0
RandomForest,1.0,1.0,1.0,1.0
GradientBoosting,1.0,1.0,1.0,1.0
